{
  "report": {
    "0": {
      "precision": 0.8759398496240601,
      "recall": 0.932,
      "f1-score": 0.9031007751937985,
      "support": 500.0
    },
    "1": {
      "precision": 0.8657142857142858,
      "recall": 0.8583569405099151,
      "f1-score": 0.8620199146514936,
      "support": 353.0
    },
    "2": {
      "precision": 0.9661016949152542,
      "recall": 0.7755102040816326,
      "f1-score": 0.8603773584905661,
      "support": 147.0
    },
    "accuracy": 0.883,
    "macro avg": {
      "precision": 0.9025852767512,
      "recall": 0.8552890481971825,
      "f1-score": 0.8751660161119528,
      "support": 1000.0
    },
    "weighted avg": {
      "precision": 0.8855840168217153,
      "recall": 0.883,
      "f1-score": 0.8823188891669898,
      "support": 1000.0
    }
  },
  "confusion_matrix": [
    [
      466,
      34,
      0
    ],
    [
      46,
      303,
      4
    ],
    [
      20,
      13,
      114
    ]
  ]
}